video_id,polarity,title,channel_title,category_id,tags
video_id,0.0,title,channel_title,category_id,tags
r4RfsfD6ZhM,0.07,iPhone leaks (YIAY #355),jacksfilms,23,jacksfilms|yiay|iphone|2017|iphone 8|iphone x|apple
F2uJvwiSZAQ,0.030612244897959183,How 9/11 changed Disney's Lilo & Stitch,Vox,25,vox.com|vox|explain|lilo and stitch|september 11|disney|lilo and stitch 911|disney 911|twin towers lilo and stitch|how 911 changed lilo and stitch|september 11 lilo and stitch|pop culture 911|pop culture response 911|september 11 pop culture
12fphklmFzk,0.17,"Asuka is coming to Raw: Raw, Sept. 11, 2017",WWE,17,wwe|world wrestling entertainment|wrestling|wrestler|wrestle|superstars|‡§ï‡•Å‡§∂‡•ç‡§§‡•Ä|‡§™‡§π‡§≤‡§µ‡§æ‡§®|‡§°‡§¨‡•ç‡§≤‡•Ç ‡§°‡§¨‡•ç‡§≤‡•Ç ‡§à|‡§Æ‡•à‡§ö|‡§∏‡•Å‡§™‡§∞‡§∏‡•ç‡§ü‡§æ‡§∞|‡§µ‡•ç‡§Ø‡§æ‡§µ‡§∏‡§æ‡§Ø‡§ø‡§ï ‡§ï‡•Å‡§∂‡•ç‡§§‡•Ä|ŸÖÿµÿßÿ±ÿπŸá|Raw|Asuka|#RAW|sp:ty=high|sp:st=wrestling|sp:scp=athlete_in_match|sp:dt=2017-09-11T20:00:00-04:00|sp:ev=wwe-raw|sp:ath=wwe-asuka|coming|nxt|wwe raw|wwe nxt|wwe 2017|women|Asuka Raw|Asuka main roster|main roster|call up
X0U8Awfizoc,0.31313131313131315,I Tried The Wavy Lips Trend?,grav3yardgirl,26,beauty|how to|makeup|howto|style|fashion|summer|spring|new|clothes|clothing|bunny|2017|makeup trend|makeup trends|wavy|wavy eyebrow|wavy eyebrows|strange makeup|omg|laugh|funny|buzzfeed|first impression|first impression friday|wavy lips|lips|lipstick
AM60_0WmYJ8,0.21649484536082475,"Arsenal 3-0 Bournemouth | It's Only One Game, I'm Still Not Confident (DT)",ArsenalFanTV,17,Arsenal F.C.|Arsenal Fan TV|aftv|afc|Fans|Football|Soccer|Goal|Kieran Gibbs|Aaron Ramsey|Highlights|Ozil|Mesut Ozil|epl|Goals|A.F.C.|Alexis Sanchez|Arsene Wenger|Theo Walcott|Arsenal|The Gunners|Gooners|Olivier Giroud|Hector Bellerin|Nacho Monreal|Shkodran Mustafi|laurent koscielny|alex oxlade-chamberlain|Granit Xhaka|Alexandre Lacazette|bournemouth
Zwq-gx1nvR8,0.0,Asa Soltan Rahmati Talks About Her Late Friend Chester Bennington | Shahs of Sunset | WWHL,Watch What Happens Live with Andy Cohen,24,What What Happens live|reality|interview|fun|celebrity|Andy Cohen|talk|show|program|Bravo|Watch What Happens Live|WWHL|bravo andy|Watch|What|Happens|Asa Soltan Rahmati|Chester Bennington|Late Friend|Friend|Shahs of Sunset|Shahs|news|death|husband|Jermaine Jackson Jr.|wife|fans|passed away|Chester Benington‚Äôs death|friends|Asa|Chester Bennington death|shahs wwhl|bravo shows|plead the fifth|#shahs|after show|full episodes|bravo late night|wwhl caller
dPvmKeEpzWk,0.25,ATOMEGA - Announcement Trailer | Ubisoft (US),Ubisoft US,20,ATOMEGA|atomega|multiplayer|multi|first person shooter|FPS|shooter|indie game|indie|great soundtrack|soundtrack|Atmospheric|Sci-Fi|Retro|Reflections|Little A|Grow Home|Grow Up|grow|overcharge|snack|break
U2CqZNd6rgM,0.43,Welcome to JURASSIC FALLS!,Brave Wilderness,15,adventure|adventurous|animals|brave|brave wilderness|breaking trail|coyote|coyote peterson|coyotes backyard|dragon tails|peterson|trail|wild|wildlife|dinosaurs|jurassic park|jurassic world|t rex|jurassic|dino|living dinosaur|the lost world|jurassic falls|welcome to jurassic falls|devinsupertramp|manawaiopuna falls|helicopter|na pali coast|island helicopters|waimea canyon|helicopter tour|jurassic park 4|jurassic park movie|jurassic park trailer|adrenaline
jG2Qf-DIofk,0.3402061855670103,U2: You're the Best Thing About Me,The Tonight Show Starring Jimmy Fallon,23,The Tonight Show|Jimmy Fallon|NBC|NBC TV|Television|Funny|Talk Show|comedic|humor|snl|Fallon Stand-up|Fallon monologue|tonight|show|jokes|funny video|interview|variety|comedy sketches|talent|celebrities|video|clip|highlight|music|musical performance|the roots|U2|rock|alternative rock|songs of experience
XJK8GXVvKkA,0.26,How To Be Honest | Awkward Puppets,Awkward Puppets,23,how to be honest|awkward|puppets|how|to|be|honest|best floyd mayweather interview|the keys of christmas|i am diego new album coming soon official trailer|Best Floyd Mayweather Interview | Awkward Puppets|lelepons|hannahstocking|rudymancuso|inanna|anwar|inannasarkis|shots|shotsstudios|marshmello|marshemllo|alesso|| Awkward Puppets
7KHvKzpsQrA,0.4,Graham Norton Compares His Show With Stephen's,The Late Show with Stephen Colbert,24,The Late Show|Stephen Colbert|Colbert|Late Show|celebrities|late night|talk show|skits|bit|monologue|The Late Late Show|Late Late Show|letterman|david letterman|comedian|impressions|CBS|joke|jokes|funny|funny video|funny videos|humor|celebrity|celeb|hollywood|famous|James Corden|Corden|Comedy
_9gaF8to7Fg,0.2727272727272727,Triple Chocolate Caramel Banana Dessert  | How To Cook That,How To Cook That,26,howtocookthat|how to cook that|ann reardon|chocolate|dessert|HOW TO COOK THAT ANN REARDON|How To Cook That Ann Reardon üç∞üç´üç®üç≠|how to make|triple chocolate dessert recipe|baked chocolate ganache recipe|banana caramel recipe|coffee cremeux recipe|dessert recipe|banana dessert|coffee dessert|caramel dessert|rich dessert|chocolate chip|youtube|youtuber|pastry chef|sugar|glucose syrup|coffee|banana|5 mind-bending chocolate decorations|cremeux
lvZCzP-7JV8,0.14583333333333334,Lil Durk - Goofy ft. Future & Jeezy (Official Music Video),Lil Durk,10,lil durk|lil durk 2017|lil durk music|lil durk music video|otf|only the family|chicago|drill|drill music|lil durk 2x|lildurk2x|LSFTS|Future|Jeezy|Young Jeezy|Official|Music Video|New|2017|EMPIRE|Rap|Hip-Hop|goofy|goofy lil durk|lil durk goofy|future goofy|goofy future|jeezy goofy|goofy jeezy|goofy official music video|goofy music video|goofy official|goofy 2017|future music|jeezy music|lil durk official|future official
MPH0kUixvyo,0.3838383838383838,MENDY LOVES HOME DEBUT | POST MATCH INTERVIEW | CITY 5-0 LIVERPOOL,Man City,17,man city|manchester city|mcfc|premier league|soccer|EPL|BPL|city liverpool|man city 5-0 liverpool|mendy|benjamin mendy|mendy man city|mendy interview|man city v liverpool goals
HjMTqZA6un8,0.25,It - Movie Review,Chris Stuckmann,24,It|Movie Review|2017|1990|Tim Curry|Clown|Pennywise|Stephen King|Chris Stuckmann|Reviews|Film|Scene|Clip|Ending|Jaeden Lieberher|Wyatt Oleff|Jeremy Ray Taylor|Sophia Lillis|Finn Wolfhard|Jack Dylan Grazer|Chosen Jacobs|Nicholas Hamilton|Bill Skarsg√•rd|Andr√©s Muschietti|Monster|Creature|Blood|Sink
IyDwZVvdN9M,0.2755102040816326,My FIANC√â Buys My Outfits! OMG! Shopping Challenge 2017! Natalies Outlet,Natalies Outlet,24,Fiance|Fiance buys my outfits|Fiance buys my clothes|Boyfriend|Boyfriend buys my outfits|Boyfriend buys my clothes|Natalies Outlet|Natalies Outlet Fiance|Dennis Outlet|Shopping|Shopping Challenge|Clothing|Haul|Forever 21 Haul|Challenge|Cheap vs. Expensive|Cheap|Affordable|Shopping Spree|Clothes|Forever 21|Buys|My|Outfits|couple|cute|marriage
n2Um-NOD6uw,0.30612244897959184,Hoffenheim vs. Bayern M√ºnchen - The Fastest Goal and Late Lewandowski Strike,Bundesliga,17,football|soccer|Bundesliga|goals|f√∫tbol|bundesliga|season 2015/16|german|germany|german football league|goal|FCB|Munich|skill|comeback|red card|sending-off|last minute|fast|fastest|byern munich|bayern m√ºnchen|Hoffenheim|TSG|TSG Hoffenheim|fastets goal|Lewandowski|Robert Lewandowski|NTBM|TW|HistoryPL|SEP17
OI4W8SJOVt8,0.15306122448979592,Let's Play South Park The Fractured But Whole Part 1: CHARACTER CREATION AND DIFFICULTY SLIDER,Eurogamer,20,south park the fractured but whole|south park the fractured but whole character creator|south park the fractured but whole difficulty|south park the fractured but whole difficulty setting|south park the fractured but whole intro|south park the fractured but whole gameplay|south park the fractured but whole reaction|south park the fractured but whole lets play|south park the fractured but whole ep 1|south park the fractured but whole review|aoife wilson|chris bratt
GA-Ct46xL7k,0.11578947368421053,Massive Hurricane Irma threatens Florida and beyond,USA TODAY,25,5568088156001|tegna|hurricane irma|Tampa|wtsp|weather|usatyoutube|vpc|South Florida|evacuation
StU-61439s0,0.32653061224489793,"Frank Lampard Back At Cobham, The Best El Rondo Ever And This Week At Training | Chelsea Unseen",Chelsea Football Club,17,Chelsea F.C. (Football Team)|Chelsea TV (TV Network)|Football (Interest)|Sports (TV Genre) blues stamford bridge|luiz|courtois|cahill|fabregas|hazard|willian|costa|conte|batshuayi|Premier League|soccer|London|football fan|skills|fifa|freekick|goal|soccerlife|chelsea fc 2017|training|rumour|transfer|chelsea football club news|chelsea highlights|chelsea football club song|chelsea football club formation|chelsea football club chants|chelsea football club manager
mG6_nlJPNcM,0.1717171717171717,iPhone X: How The Newest iPhone Came To Be | WIRED,WIRED,28,10 years|apple|apple event|iphone|new phone|steve jobs|iphone 7|iphone 8|iphone history|history of iphone|history of the iphone|iphone 8 announcement|new iphone|steve jobs iphone|ios|apple conference|apple press conference|apple keynote|keynote address|iphone x|iphone 10|wired|wired.com|tech|technology
YAD1gCeYzoQ,0.5757575757575758,Real talk with Afrojack about pre-recorded sets,Laidback Luke,10,DJ laidback Luke|Laidback Luke|afrojack|pre-recorded|Tomorrowland|ultra|dj tutorial|DJ podcast|DJ tips|Afrojack Laidback Luke|LBL|LBL Vlog|dj vlog|laidback luke vlog
4S_9IWKVuVU,0.5050505050505051,Welcome Back Bam!,Element,17,skateboarding|bam margera|jackass|viva la bam|skateboard|element skateboards|element skateboarding|CKY
T6lon9-8Fck,0.29,Magic: The Gathering Arena World Premiere Stream,Magic: The Gathering,20,twitch|games|Magic: The Gathering|MTG|Magic|CCG|Collectible Card Game|TCG|Trading Card Game|Video Game|MTG Arena|Magic: The Gathering Arena
DmM6G4BvotE,0.7628865979381443,Pregnant Day Out! #Ad,SprinkleofChatter,22,Louise Pentland|Sprinkle of Chatter|Pregnant day out|London Midland|Train Ticket Discounts
Vjbqe7agCz0,0.2,This tiny modular home adapts to your moods,The Verge,28,Kasita|Kasita tiny home|modular homes|tiny house|small house|tiny house on wheels|modern tiny house|minimalist|Home of the Future|the verge|verge
wvjBdW6CyAM,0.28,Cookie Dough Sandwich Cookies! | Cupcake Jemma,CupcakeJemma,26,cookies|cookie dough|sandwich cookies|baking|cupcake|cupcakes|cupcake jemma|jemma wilson|crumbs and doilies|bakery|chocolate chips|chocolate|cream cheese|cream cheese frosting|icing|philadelphia|buttercream|filled cookies|chewy|crisp|log|treat|ideas|home baking
Fp77pujdLMM,0.25510204081632654,Kevin Gates - Had To [Official Audio],kevingatesTV,10,Kevin gates|Kevin|Gates|Hip Hop|Rap|Had To|Kevin Gates Had To|New Kevin Gates|Kevin Gates By Any Means|By Any Means 2|Kevin Gates By Any Means 2|New Kevin Gates Mixtape|Kevin Gates Mixtape By Any Means|By Any Means 2 Kevin Gates
UX7bxe2whlw,0.21875,Gary Clark Jr. & Junkie XL - Come Together (Justice League OST),Matches Malone,10,Gary Clark Jr.|Junkie XL|Justice League|Soundtrack|OST|Beatles|Cover|Batman|Superman|Wonder Woman|The Flash|Aquaman|Cyborg|JL|DC|DC comics|DC Films|DCEU|Zack Snyder|Beatles cover|Trailer music|Trailer song|Justice League song|Justice League theme
Q0RVBTb6wTQ,0.16,Game Theory: How Zelda Breath of the Wild SOLVES The Zelda Timeline!,The Game Theorists,20,zelda|breath of the wild|zelda breath of the wild|legend of zelda breath of the wild|the legend of zelda|zelda timeline|the legend of zelda: breath of the wild|breath of the wild gameplay|link|matpat|zelda timeline game theory|zelda switch|nintendo switch|nintendo|switch|zelda theory|botw|game theory|game theory matpat|matpat breath of the wild|breath of the wild matpat|game theorists|zelda game theory|nintendo open world
WNZTec6BbOU,0.5959595959595959,Out Loud (Lyric Video),The Gabbie Show,26,gabbie|hanna|sing|singing|real voice|out loud|lyric|lyrics|lyric video|song|single
lo8QsWGWnEg,0.47058823529411764,Don Williams 1978,CMA Country Music Association,10,CMA|Country Music Association|CMA Awards 2016|Country Music|CMA Festival|Free Music|Live Music|Music Festival|Nashville|Tennessee|nissan stadium|hayley orrantia|Dan + Shay|Thomas Rhett|Brett Eldredge
NPovS8i2WDo,0.47959183673469385,SINGING YOUR QUESTIONS 7,SarahClose1,10,sarah close|sarahclose1|singing your questions|question and answer|q and a|questions|ask me questions|singing your answers|number 7
KlnLDOUVbtA,0.19,Film Theory: How Wonder Woman FAILED Us!,The Film Theorists,1,wonder woman|wonder woman theme song|wonder woman full movie|wonder woman theme|wonder woman soundtrack|wonder woman movie|wonder woman review|wonder woman dc|dc|zack snyder|dc universe|film theory|matpat|wonder woman film theory|film theorists|wonder woman matpat|matpat film theory|superhero|female superhero
nYwhZwA9JZo,0.6161616161616161,5 Easy & Creative Avocado Recipes | CHEAP CLEAN EATS,blogilates,26,avocado|avocado recipes|avo|avo recipes|cheap clean eats|healthy fat|vegan|vegan recipe|avocado vegan recipe|recipe|healthy|how to|avo hummus|avo toast|avocado toast|avocado hummus|vegan sandwich|how to make a vegan sandwich|how to make a sandwich|avocado fries|avocado fries recipe|healthy fries recipe|avo tacos|avocado tacos|avocado taco recipe|vegan recipes|healthy recipes|vegan food|avocado benefits|how to use avocado|ways to eat avocado
1cnBJYystA0,0.63,SHOPPING IN STOCKHOLM WITH ANNA | Lily Pebbles,Lily Pebbles,26,lily|lilypebbles|pebbles|style|beauty|makeup|skincare|tutorial|haul|shopping|london|food|vlog|vlogging
tI311Dz5_As,0.5050505050505051,Bojack Horseman: Unlucky in Love,ScreenPrism,1,bojack horseman|bojack horseman season 4|bojack horseman will arnett|aaron paul|bojack horseman meaning|bojack horseman review|bojack horseman explained|bojack horseman personality|princess carolyn bojack horseman|diane bojack horseman
JQzMUNt7AfQ,0.4387755102040816,The xx cover My Love by Justin Timberlake in the Live Lounge,BBC Radio 1,10,The xx|My Love|Justin Timberlake|BBC|Radio 1|Live Lounge
WrsFXgQk5UI,-0.0625,Lil Uzi Vert - XO Tour Llif3 (Official Music Video),LIL UZI VERT,22,Lil|Uzi|Vert|XO Tour Llif3|XO|Tour Life|Xo Tour Life|XO TOUR LIFE VIDEO|All my friends are dead|push me to the edge|Lil Uzi|Uzi Vert|Lil Uzi Vert|LUV|LUV is Rage 2|LUV is rage|lir2|Rage 2|LUV is Rage 2 XO tour life|Lil Uzi Vert Video|New Music Video|Official Music Video|Lil Uzi Vert XO Tour Llif3|XO Tour Llif3 Official Music Video|the Weeknd|NAV|Off White|Virgil Abloh
dLJFGq7uwb8,0.7676767676767676,Trying New Makeup Products,Tina Yong,26,myer|myer online|tina tries it|tina yong|new makeup|get ready with me|makeup tutorial|petite cosmetics|saturday skin|comodynes|tonymoly|YSL all hours|shiseido inkstroke|benefit foolproof|revlon ultra|revlon contour|mac rockin|mac studio|GRWM|hourglass ambient
zKDPrpJEGBY,0.15151515151515152,The Square - Official Trailer,Magnolia Pictures & Magnet Releasing,1,the square|ruben ostlund|magnolia pictures|force majeure|elisabeth moss|claes bang|dominic west|contemporary art|museum|satire|existential|art film|foreign language|entry|academy award|palme d'or|cannes|film festival|winner
G8jxAKmojxY,0.35714285714285715,St. Vincent - Los Ageless (official audio),St. Vincent,10,[none]
Tj08Ni3tklw,0.2828282828282828,Beck - Up All Night,BeckVEVO,10,Beck|up all night|music video|official|colors|new album
BFlk1LehjwA,0.29,How Fast Do Tails‚Äô Tails Gotta Go To Fly? (Because Science w/ Kyle Hill),Nerdist,24,Nerdist|Fvid|Because Science|Kyle Hill|sonic the hedgehog|tails|video games|flight|helicopter|lift|sega genesis|robotnik
Wgs2ahWHjHQ,0.6477272727272727,James Blunt - California [Official Lyric Video],James Blunt,10,James Blunt|California|The Afterlove|Love Me Better|Time Of Our Lives|Bartender|Make Me Better|Don't Give Me Those Eyes|You're Beautiful|Lose My Number|Goodbye My Lover|Same Mistake|Bonfire Heart|Moon Landing
QuEuV9F22N0,0.25,For Honor: Season 3 - Tribute Mode Reveal | Trailer | Ubisoft [US],Ubisoft US,20,capture the flag|tribute mode|for honor|for honor trailer|for honor single player|for honor campaign|for honor story|trailer|single player|campaign|factions|ps4|xbox one|pc|ubisoft|Japanese Katana|European Longsword|Samurai sword|Knight Broadsword|faction war|grudge and glory|highlander|gladiator|ranked|for honor ranked|for honor season 3|for honor ranked tournament|for honor new heroes|tribute|for honor tribute mode|the warrior's den
hXGTJgXPhm0,0.25,Xenoblade Chronicles 2 - Nintendo Switch - Nintendo Direct 9.13.2017,Nintendo,20,nintendo|play|play nintendo|game|gameplay|fun|video game|kids|action|adventure|rpg|nintendo switch|pro controller|joy con|xenoblade chronicles|xenoblade chronicles 2|alrest|titans|blades|drivers|nintendo direct|xenoblade chronicels 2 special edition|abilities|skills|elysium|dragon|boss fight|fight|airship|combat|sword fight|worlds|explore|healer type|attacker type|defender type|rex|pyra|the world of titans|azurda
eYAmnGSmKtw,-0.05,SM64 Online Tutorial,Kaze Emanuar,20,mario 64|online|multiplayer|mario multiplayer|mario 64 online|kaze emanuar|sm64 online|sm64 mmo|jump and run online|nintendo|nintendo 64|odyssey
QG9U_41ZXCU,0.48484848484848486,U2: Bullet the Blue Sky,The Tonight Show Starring Jimmy Fallon,23,The Tonight Show|Jimmy Fallon|U2|Bullet the Blue Sky|NBC|NBC TV|Television|Funny|Talk Show|comedic|humor|snl|Fallon Stand-up|Fallon monologue|tonight|show|jokes|funny video|interview|variety|comedy sketches|talent|celebrities|video|clip|highlight|music|musical performance|the roots|rock|alternative rock|songs of experience
jNb0vRORLAw,0.0,Most honest answer by a sportsperson you'll ever see,The Poke,24,tennis|sloane stephens|us open|prize money|honest|funny video|sport|television|the poke
xXnfQ4SC6oQ,0.2604166666666667,"President Trump's Remarks at Camp David Cabinet Meeting - Sept. 9, 2017",The White House,25,[none]
QeaumjX9DNY,0.0,Yandel - Como Antes (Official Video) ft. Wisin,YandelVEVO,10,Wisinyyandel|wisin&yandel|yandelywisin|yandel&wisin|yandel|wisin|elmatatan|elcapitan|loslideres|losvaqueros|losextraterrestres|elsobreviviente|laleyenda|lagerencia|elduodelahistoria|comoantes|throwback|reggaeton|perreo|Yandel ft. Wisin|Yandel ft. Wisin Music|Yandel ft. Wisin Official Video|Yandel ft. Wisin Video|Yandel ft. Wisin Video Oficial|Yandel ft. Wisin Nuevo Video|Yandel ft. Wisin New Video|Como|Antes|Video
Z4WNpw_3T6Q,0.21649484536082475,REACTING TO MALFIE COMPILATIONS (POINTLESS BLOG),MoreMarcus,22,Marcus Butler|More Marcus|comedy|funny|reacting|challenge|Malfie|Pointless Blog|Alfie Deyes
b88Z3Xa9v4s,0.03225806451612903,BETTER WATCH OUT (2017) Official Red Band Trailer,BD Horror Trailers and Clips,24,horror|movies|movie|genre|bloody disgusting|horror movies|clip|trailer|trailers|Levi Miller|Ed Oxenbould|Olivia DeJonge|Dacre Montgomery|Virginia Madsen|Patrick Warburton|Chris Peckover|BETTER WATCH OUT
KBk0-QDjWfA,0.5157894736842106,BOBBY - ‚ÄòÏÇ¨ÎûëÌï¥(I LOVE YOU)‚Äô M/V,iKON,10,BOBBY|SONG|JUNE|DK|CHAN|BI|iKON|Î∞îÎπÑ|ÍπÄÎ∞îÎπÑ|ÍπÄÎ∞•|RUNAWAY
LHVLRxtJiyY,0.030612244897959183,Tallest high top fade - Guinness World Records,Guinness World Records,24,guinness world records|guinnes|guiness|book|world record|breakers|setters|amazing|fastest|officially|best|record|new|incredible|„ÇÆ„Éç„Çπ‰∏ñÁïåË®òÈå≤|„ÇÆ„Éç„Çπ|„ÇÆ„Éç„Çπ„Éñ„ÉÉ„ÇØ|benny harlem|high top fade|hair|tall hair|hairstyle|hi-top fade|fashion|model
g7nvSevPSfo,0.43010752688172044,Avicii - Without You (The Making Of) ft. Sandro Cavazza,AviciiOfficialVEVO,10,Avicii|Without|You|Universal|Music|Dance
taKGnsqeCPs,0.43333333333333335,Nick Jonas - Find You,NickJonasVEVO,10,Nick|Jonas|Find|You|Safehouse|Records|Island|Pop
30QPEkhcYeQ,0.04,Yo Gotti ft. Nicki Minaj: Rake It Up,The Tonight Show Starring Jimmy Fallon,23,The Tonight Show|Jimmy Fallon|Yo Gotti|Nicki Minaj|Rake It Up|NBC|NBC TV|Television|Funny|Talk Show|comedic|humor|snl|Fallon Stand-up|Fallon monologue|tonight|show|jokes|funny video|interview|variety|comedy sketches|talent|celebrities|video|clip|highlight|Mario Mims|Lil Yo|hip hop|rap|The Art of Hustle|Pinkprint|Anaconda|Super Bass|Starships|Bang Bang|music|musical performance|the roots
klSWPvDCYoI,0.3368421052631579,Best Friends Challenge with Demi Lovato,The Tonight Show Starring Jimmy Fallon,23,The Tonight Show|Jimmy Fallon|Best Friends Challenge|Demi Lovato|NBC|NBC TV|Television|Funny|Talk Show|comedic|humor|snl|Fallon Stand-up|Fallon monologue|tonight|show|jokes|funny video|interview|variety|comedy sketches|talent|celebrities|video|clip|highlight|games|games with guests|Tell Me You Love Me|Sorry Not Sorry|Confident|Heart Attack|pop rock|pop
nCav3ZDm2wk,0.26,Kyrie Irving didn't tell LeBron James he was leaving Cavaliers | First Take | ESPN,ESPN,17,ESPN|kyrie irving trade request|kyrie irving trade|kyrie irving lebron james trade|kyrie irving|kyrie|irving|lebron james|lebron|james|kyrie irving didn't tell lebron james|kyrie irving celtics|kyrie irving cavaliers|kyrie irving boston celtics|kyrie irving cleveland cavaliers|lebron james cavaliers|lebron james cleveland|lebron james cleveland cavaliers|nba|basketball|first take|first take nba|first take live|first take daily|first take now|first take today
6DjO94xv-ak,0.4090909090909091,Lecrae - Broke (Audio),LecraeVEVO,10,Broke|Lecrae|Rap|Reach Records/Columbia
_yZqPN57W3o,0.17391304347826086,The hilarious new Romelu Lukaku song heard at Old Trafford,You Will Like It,22,The hilarious new Romelu Lukaku song heard at Old Trafford|The hilarious|new|Romelu|Lukaku|song|heard|at|Old|Trafford|The hilarious new|Romelu Lukaku|song heard|Old Trafford|2017|LUKAKU'S OUTRAGEOUS NEW CHANT FILMED AT OLD TRAFFORD|Romelu Lukaku Chant | Old Trafford|Manchester United|romelu lukaku|man utd|romelu lukaku to united|lukaku to man united|man utd chants|manchester united songs|football chants|mufc
obq5OiTOKpI,0.4479166666666667,Angelica Hale: 10-Year-Old Vocalist Stuns With Symphony - America's Got Talent 2017,America's Got Talent,24,America's Got Talent 2017|america's got talent|america's got talent fails|america's got talent best|america's got talent auditions|AGT|AGT 2017 auditions|AGT best auditions|NBC|TV|TV Shows|Highlights|Previews|Simon Cowell|Howie Mandel|Tyra Banks|Heidi Klum|Mel B|season 12|America's|Got|Talent|funny|judge|vote|clips|talent|entertainment|competition|biggest talent show|talent show
40M4DF8aIYs,0.6122448979591837,Too Faced Peaches and Cream GRWM | First Impressions | soothingsista,SoothingSista,26,soothingsista|Stephanie Villa|Too Faced|Sweet Peaches and Cream|Collection|GRWM|First Impressions|Full Face|Primed & Peachy Cooling Matte Perfecting Primer|each Perfect Comfort Matte Foundation|Peach Perfect Mattifying Setting Powder|Peach Blur Translucent Smoothing Finishing Powder|Just Peachy Velvet Matte Eye Shadow Palette|Peach Kiss Moisture Matte Long Wear Lipstick|Peach Mist Mattifying Setting Spray|Sweetie Pie Radiant Matte Bronzer|I want Kandee
azAziWHV1_U,0.375,Savage: De Bruyne best player in Premier League,BT Sport,17,bt sport|football|soccer|premier league|manchester city|kevin de bruyne
o7eLKttSYMA,0.7604166666666666,Grace VanderWaal - So Much More Than This (Audio),GraceVanderWaalVEVO,10,Grace VanderWaal|Pop|So Much More Than This|Syco Music/Columbia Records
Wv3RpLvPasE,0.3409090909090909,MACKLEMORE FEAT OTIENO TERRY - LEVITATE,Macklemore LLC,10,macklemore|music|seattle|macklemore & ryan lewis|mackelmore|hip hop|downtown|thrift shop|can‚Äôt hold us|cant hold us|white walls|same love|washington|seahawks|gemini|levitate|otieno terry
0Rb2rr1vWpI,0.22916666666666666,Lecrae - Whatchu Mean (Audio) ft. Aha Gazelle,LecraeVEVO,10,Lecrae feat. Aha Gazelle|Rap|Reach Records/Columbia|Whatchu Mean
ySSdeYpoWBU,-0.21,crazy lady argues with people about PTSD dog,RJ Wiso,27,argumnet|ptsd dog|crazy women
jjdKuw2MJww,0.44680851063829785,Emeli Sand√© - Starlight (Lyric Video),EmeliSandeVEVO,10,Naughty Boy|Adele|Olympics
07VBLa4RMKs,0.09183673469387756,Woman who appears to be BA stewardess posts offensive video,Piece of News,25,british airways|ba|ba stewardess|stewardess|nigerians|British Airways launches investigation|racist|racism|ba stewardess racism|ba stewardess racist|racist comments|racist comments about passengers|stewardess racist comments|flying to Abuja|Nigeria|woman made racist comments|female ba unfirom racist comments|british airways stewardess racist coments|british airways stewardess racism|racist rant|british airways stewardess launch racist rant
vkrvJnHkxg4,0.3,Louis Theroux: Dark States - Trailer | BBC Two,BBC,24,BBC|iPlayer|bbc two|bbc 2|bbc2|trailer|Louis Theroux|dark states|diverse|american cities|challenges|murder|sex trafficking|opiate dependency|drugs|addiction|health|bad habits|society|america|usa|the dark side of america|revealed|life
9JhNLoR1zZ8,0.6666666666666666,My PREGNANCY Routine! | Fleur De Force,Fleur DeForce,26,fleurdeforce|fleur de force|pregnancy routine|pregnant|mum to be|daily routine|grwm|preganant essentials|top products|faves|baby mum blogger|baby routine|pregnancy diary|de force|baby de force|fleur
NxHVjqMGKrI,0.62,THE BLOGGER PHOTOSHOOT | Lily Pebbles,Lily Pebbles,26,lily|lilypebbles|pebbles|style|vlog|vlogging|london|girl stole london|girl vs cancer|breast cancer|fundraising|tit tees|the anna edit|hello october|emma gannon|liv purvis|erica davies|love cloth blog|husband|bolognaise|recipe|pasta|house design
YmnxIsRn5nw,0.47,Urban Decay Velvetizer-The HELL Is In This Stuff?!!? | Jackie Aina,Jackie Aina,26,urban decay velvitzer|velvetizer reviews|urban decay velvetizer review|velvetizer first impressions|velvetizer|product reviews
7QGTDFtD1p8,0.25510204081632654,What Sean Spicer's Emmys Appearance Says About How We Consume The News - Some News,Cracked,23,News spoof|news satire|news parody|trump|News|Some News|Cracked news|President Trump|President Donald Trump|Donald Trump|President|Cody Johnston|cody cracked|Cody|Johnston|news today|latest news|headlines|just in|trump news|Stephen Colbert|Jimmy Kimmel|Emmys|St Louis|sean spicer emmys|emmy|fake news|political theater|John McCain|Graham Cassidy|Lamar Smith
J701ucIsrrk,0.34375,Hardwell & KSHMR - Power (Official Lyric Video),Spinnin' Records,24,Spinnin'|Records|Spinnin' Records|Hardwell|KSHMR|Power
J4Td-_OQ0jo,0.2087912087912088,Yung Lean - 'Hunting My Own Skin' (Official Audio),Yung Lean,10,yung lean|kyoto|ginseng strip|hurt|yoshi city|oreomilkshake|hunting my own skin|stranger|sad boys|cloud rap|sad rap|young lean
qCFT66OOgeE,-0.2,The Simpsons: Itchy & Scratchy Land part 1,Homer Thompson,22,The Simpsons|the simpsons|homer|bart|lisa|marge|ned flanders|maggie|akira|Homer Simpson|Marge Simpson|Bart Simpson|Lisa Simpson|Maggie Simpson|homer thompson
1kTff70rjig,0.5104166666666666,A Very Exciting Day & Sleepover At Zoe's | Tanya Burr,Tanya Burr,26,tanya burr|zoella|pointlessblog|joe|sugg|jim chapman|tanya burr cosmetics|lucy williams|brunch|london|breakfast|review|tutorial|drugstore|easy|quick|reveal|surprise|fun|funny|game|games|sleepover|brighton
MtOiRhapfFE,0.25510204081632654,i have a problem,CaseyNeistat,22,[none]
D8cf_QBghng,0.09,Entrevista en EXCLUSIVA con Cristiano Ronaldo en 'El Chiringuito' tras la VICTORIA en Dortmund,El Chiringuito de Jugones,17,Deportes|ATRESMEDIA|Crisitano Ronaldo|Cristiano Exclusiva|Ronaldo exclusiva|Cristiano Ronaldo exclusiva|El Chiringuito|El Chiringuito De Mega|Champions League|Real Madrid
9lx41ak9GWk,0.25,PHOGS! EGX Demo Trailer,Bit Loom,20,phogs|double-ended dogs|double ended dogs|phogs!|cooperative|game|coop game|coop|dogs|dog game|local multiplayer|local coop|cartoon|physics dogs|physics game
y9vsRUmPCKk,0.6354166666666666,MAC Studio Fix  Fluid NW58 |Nyma Tang #thedarkestshade,Nyma Tang,26,Nyma Tang|the darkest shade|contour for dark skin|dark skin|darkest foundation|highlighting and contour for dark skin|nyma
_bhvufnPkxc,0.15463917525773196,Lorde - In The Air Tonight (Phil Collins cover) in the Live Lounge,BBCRadio1VEVO,10,Lorde|Phil Collins|In The Air Tonight|BBC Radio 1|Live Lounge
gOHHQ9WunXs,0.10989010989010989,BE≈ûƒ∞KTA≈û 2 - 0 LEIPZIG T√úRK√áE  MA√á √ñZETƒ∞ ≈ûAMPƒ∞YONLAR Lƒ∞Gƒ∞ 26 EYL√úL 2017,SPORT MEISTER,17,be≈üikta≈ü|leipzig|rb leipzig|champions league|≈üenol g√ºne≈ü|besiktas|≈üampiyonlar ligi|besiktas leipzig|be≈üikta≈ü leipzig|futbol|babel|bjk|cenk tosun|besiktas rb leipzig|promo|komik|be≈üikta≈ü ≈üampiyonlar ligi|pes 2018|be≈üikta≈ü rb leipzig|pes|ralph hasenh√ºttl|besiktas vs rb leipzig|besiktas vs leipzig|ma√ß √∂zeti
OlfF7Ct9y7I,0.58,ZARA HAUL + TRY ON | AUTUMN TRANSITIONAL HAUL | I Covet Thee,I Covet Thee,26,icovetthee|i covet thee|zara haul|zara try on haul|haul|zara try on|try on haul|zara unboxing|transitional haul|clothing haul|try on|fashion|zara|autumn haul|fall haul|i covet thee haul|zara autumn|zara autumn haul|ZARA HAUL + TRY ON | AUTUMN TRANSITIONAL HAUL | I Covet Thee|zara haul + try on
LVPIM06bMJo,0.5257731958762887,Man Feeds WILD SNAKE Friend A Snack | The Dodo,The Dodo,15,animal video|animals|the dodo|Rescue|Animal Rescue|snake friend|man feeds wild snake|wild snake|snake video|feeding snake|snakes|snake|friendly snake|snake charmer|snake city|snake eater|snake eyes|snake prank|snake trap|snakes on a plane|hungry snake|snake eating|snake eats|man feeds snake|man snake friend|pet snake|wild snakes|snake reunion|WILD SNAKE FEEDING
BGOAmt0YI7o,0.5,Have you ever heard anything like it?!: Margot Robbie on Domhnall Gleeson's armpit farts,BBC Radio 1,1,Goodbye Christopher Robin|Margot Robbie|Domhnall Gleeson|Radio 1|BBC|Ali Plumb|Movie|Film|Armpit Fart
YwlNtzq2k1M,0.6020408163265306,How to have a Successful Holiday Fling | Hannah Witton,Hannah Witton,22,how to have a successful holiday fling|holiday|fling|travel|romance|backpacker|single|dating|relationships|long distance|travelling|flings|love|hannah witton|hannah|witton|christy|christianne risman|backpacking bananas|british|youtubers|vloggers|female|women|solo travel|solo|sex|summer
35zynOrkvMk,0.3333333333333333,Arma 3 IED Blast,Cavemanwarrior,22,IED|Arma 3|RIP
UVjRG6roqsg,-0.02702702702702703,'Bilic has gotta go' West Ham 1 Swansea 0,West Ham Fan TV,17,Javier hernandez|Pablo Zabaleta|Marko Arnautovic|Joe hart|West Ham|Football|Chicharito|Lanzini|Pedro Obiang|Premier League|Highlights|Reaction|Swansea|1-0
4AsSp0AhlBc,0.14285714285714285,The Hidden Detail You Missed about Stranger Things‚Äô Shadow Monster! (Nerdist News w/ Jessica Chobot),Nerdist,24,Nerdist|Fvid|Nerdist News|jessica chobot|stranger things|season 2|will byers|shadow monster|entertainment weekly|upside down|eleven|millie bobbie brown|joyce|hopper|sean astin|tv|netflix
emwfEtsn0sE,0.11458333333333333,Vic Mensa - Rollin' Like A Stoner,VicMensaVEVO,10,Vic Mensa|Vic|Mensa|Rollin Like A Stoner|Rolling Like A Stoner|The Autobiography|The Manuscript|Roc Nation
EcdK8J74DSY,0.18181818181818182,Tom Cruise & Doug Liman Answer the Web's Most Searched Questions | WIRED,WIRED,24,autocomplete|doug liman|google autocomplete|tom cruise|wired autocomplete|wired autocomplete interview|american made|tom cruise interview|doug liman interview|tom cruise american made|tom cruise movie|tom cruise funny moments|tom cruise autocomplete|american made tom cruise|tom cruise movie 2017|american made 2017|tom cruise funny|tom cruise running|tom cruise wired|wired|wired.com|tech|technology
WqDbQbAEWsI,0.625,Bruce Springsteen and Bryan Adams perform Badlands (LIVE at Invictus Games 2017 Closing Ceremony),Gene Yuko,10,[none]
wkPW7rozgjU,-0.12,Mandalay Bay Shooting (Dan Bilzerian Instagram Story),Twosdays With Tk,25,Mandalay Bay Shooting|Mandalay bay|Mandalay|Dan|Dan Bilzerian|live|active shooting|Las Vegas shooting|Las Vegas|Mandalay bay events center|music festival shooting|shooting in Las Vegas|live coverage of Mandalay bay shooting|Snapchat of|video of|Jake Owen|jake Owen shooting|concert|strip|Las Vegas strip shooting|Mandalay bay Vegas|harvest festival|harvest 91 festival
NGoOVpA-pQM,0.37373737373737376,"Anti-Racism Educator Jane Elliot Blasts Trump For Attacks On NFL Players, Dividing The Nation",Roland S. Martin,25,[none]
bukzXzsG77o,0.06,Content Cop - Jake Paul,iDubbbzTV,23,Content Cop|jake paul|ricegum|asian jake paul|idubbbztv|disstrack|hypebeasts|cult|boyinaband|diss|roast|music video|reaction|pranked|idubbbz|vevo
8z2RgsLSn-c,0.45161290322580644,Miley Cyrus Opens The Tonight Show with Moving Performance of No Freedom,The Tonight Show Starring Jimmy Fallon,23,The Tonight Show|Jimmy Fallon|Miley Cyrus|Opens|Moving Performance|No Freedom|NBC|NBC TV|Television|Funny|Talk Show|comedic|humor|snl|Fallon Stand-up|Fallon monologue|tonight|show|jokes|funny video|interview|variety|comedy sketches|talent|celebrities|video|clip|highlight|music|musical performance|the roots|Younger Now|Las Vegas|Mandalay Bay|Adam Sandler|senseless shooting|tragedy
kRbZ6NenNDI,0.36,DRUGSTORE PUMPKIN SPICE MAKEUP | sophdoesnails,sophdoesnails,26,grey hair|pumpkin makeup|pumpkin spice makeup|pumpkin spice|diy pumpkin spice|pumpkin makeup 2017|halloween makeup 2017|fall makeup|autumn makeup|halloween makeup|drugstore halloween makeup|drugstore autumn makeup|drugstore fall makeup 2017|halloween makeup easy|orange makeup|orange fall makeup|burnt orange makeup|drugstore glitter makeup
q2KehxKQ3Zk,0.0707070707070707,Why Puerto Rico will be without power for months,Vox,25,vox.com|vox|explain|puerto rico|PREPA|disaster relief|puerto rico hurricane|puerto rico maria|NOAA VIIRS|puerto rico power outages|merchant marine act|puerto rico economy|puerto rico crisis|puerto rico hurricane relief|puerto rico data visualization|puerto rico recovery|hurricane recovery|puerto rico US relations|Section 936|puerto rico tax breaks|Jones Act|Autoridad de Energia Electrica de Puerto Rico
xYq_XLAJRu4,-0.20754716981132076,Finnish golfer kills a goose (RAW),American Toys Fun Review Channel,22,hanhi golf video golfmailalla p√§√§ irti golfer kills a bird
2nFO0sMs9Zs,0.6464646464646465,Sam Smith - Father Figure in the Live Lounge,BBCRadio1VEVO,10,Sam Smith|Father Figure|BBC Radio 1|Live Lounge|George Michael
ISKdzjFSVVA,0.2857142857142857,Willian | Signing for Chelsea was... unusual!' | My Story,FourFourTwo,17,FourFourTwo|Football|Soccer|Premier League|yt:cc=on|Chelsea FC|Willian interview|futsal|Corinthians|Shakhtar Donetsk|Anzhi Makhachkala|Brazil|Brazilian national football team|Ribeir√£o Pires|Liverpool FC|Tottenham Hotspur FC|S√£o Paulo|Campeonato Brasileiro S√©rie A|Campeonato Paulista|Ukrainian Premier League|Russian Premier League
9fVot8fIX-o,0.21,Search Party with Miley Cyrus and the Cast of Riverdale,The Tonight Show Starring Jimmy Fallon,23,The Tonight Show|Jimmy Fallon|Search Party|Miley Cyrus|Cast|Riverdale|NBC|NBC TV|Television|Funny|Talk Show|comedic|humor|snl|Fallon Stand-up|Fallon monologue|tonight|show|jokes|funny video|interview|variety|comedy sketches|talent|celebrities|video|clip|highlight|games with guests|K.J. Apa|Lili Reinhart|Camila Mendes|Cole Sprouse|Younger Now|Wrecking Ball|Archie|Betty|Veronica|Jughead|Noah Cyrus
E6eRA8PnuW4,0.42,Blade Runner 2049 - Movie Review,Chris Stuckmann,24,Blade Runner 2049|Chris Stuckmann|Movie Review|Scene|Clip|Trailer|2017|1982|Reviews|Film|Ending|Explained|Explanation|Meaning|Analysis|Analyzed|Roger Deakins|Cinematography|Ryan Gosling|Harrison Ford|Ana de Armas|Sylvia Hoeks|Robin Wright|Mackenzie Davis|Carla Juri|Lennie James|Dave Bautista|Jared Leto|Denis Villeneuve|Replicant|Score|Soundtrack|OST|Hans Zimmer|Song|Teaser
60p7CcevOQI,0.11458333333333333,Jozef Urban - Runner's Ding Dong Comes Out on Marathon - Ko≈°ice 2017 FULL,Dominik Cvik,24,kosice|maraton|marathon|medzin√°rodn√Ω marat√≥n mieru|ko≈°ice|jozef urban|full|2017|necenzurovane|uncensored|MMM|urban|run|runing|runner|fun|laugh|funny|ding dong|ding|dong|marat√≥n|slovakia|slovensko|legendy slovensk√©ho internetu
C1i3ESnliMQ,0.09,What If You Only Drank Coke (Soda) and Nothing Else?,The Infographics Show,27,What Would Happen If You Only Drank Coke and Nothing Else?|soda|coca cola|pepsi|coke|what if you only drank soda|what if you only drank coke|science|coca-cola|cola|soft drink|what if you only drank pop|could you only drink soda|what if|sugar|drink|pop|diet soda|health|overweight|corn syrup|is pop bad?|is soda bad|is coke bad|is coke bad for you|is soda bad for you|the infographics show|theinfographicsshow|question
GEmQaOLk9Gk,0.13,Princess Love Spills on Her Sex Life with Ray J,The Real Daytime,24,the real|daytime|talk show|women|tamera mowry|adrienne bailon|loni love|jeannie mai
lduyitPDQjY,0.08,How to Recognize Gunfire (Sound of Gun Shots),Gun Runnerz,27,gunshots sound|what does gunfire sound like|bullets sound|gunfire sound|what does getting shot sound like|getting shot|shooting sound|gun sound|pew pew pew|active shooter|what to do when sho
FyLtlW3hHwQ,0.5833333333333334,Shadow of War - ORC IN REAL LIFE!,devinsupertramp,24,shadow of war|lord of the rings|shadow of mordor|orc|live action|orc in real life|devin supertramp|warner brothers|eat it jerry|devinsupertramp|the ring|middle earth|sauron|the hobbit|hobbit|mordor|zane ogwin|carter hogan|tyson henderson|cinematic|RED
u8QANTrJRe8,0.16666666666666666,RANGERS FAN THROWS DRINK OVER CONOR MCGREGOR FOR SINGING CELTIC SONG IN GLASGOW 2017,psychobabble,22,mma|conor mcgregor|glasgow
yJyirpACUjU,0.13333333333333333,Christina Aguilera  'Definition' New Fragrance commercial (2017),Casper Xtina,10,Christina Aguilera|Fragrance|Definition|Elizabeth Arden
b0RyiTp8gSA,0.3020833333333333,Michael Jackson - Thriller (Steve Aoki Midnight Hour Remix) [Audio],michaeljacksonVEVO,10,Epic/Legacy|Michael Jackson|Pop|Thriller (Steve Aoki Midnight Hour Remix) [Audio]
FzebOysQeL4,-0.01,Logan Paul on Losing 15% of His Testicle,Jimmy Kimmel Live,24,jimmy|kimmel|live|late|night|talk|show|funny|comedic|comedy|clip|comedian|testicle|balls|logan|paul|influencer|alligator|vs.|internet|videos|stunts|logan paul|testicles|logan paul vs.
SpzeQ1Z3Ut0,0.08080808080808081,Miley Cyrus & Tonight Show's Female Writers Read Thank You Notes to Hillary Clinton,The Tonight Show Starring Jimmy Fallon,23,The Tonight Show|Jimmy Fallon|Miley Cyrus|Tonight Show|Female Writers|Read|Thank You Notes|Hillary Clinton|NBC|NBC TV|Television|Funny|Talk Show|comedic|humor|snl|Fallon Stand-up|Fallon monologue|tonight|show|jokes|funny video|interview|variety|comedy sketches|talent|celebrities|video|clip|highlight|politics|Secretary of State|Senator|ice cream|health care|anxiety|popularity contest|selfie|popular vote|What Happened?
bBduRyX_aq8,-0.3333333333333333,England 1-0 Slovenia - Harry Kane & Joe Hart Post Match Interview - England Qualify For World Cup,MrBeanyman,17,Football|Soccer|Beanyman|BeanymanSports|England|Slovenia|Harry Kane|Joe Hart
v8t0ASudM-o,0.44329896907216493,THE MOM'S VIEW IS BACK!,The Mom's View,22,The Mom's View|TMV|mom show|mom talk|motherhood|mother|maternity|katilette|the shaytards|carliestylez|hey kayli|parent|new mom|mom|whats up moms|millenial moms|imomsohard|the ellen show|ellen|the view|the chew|mom topics|children|shaycarl|trixin|whatsupwoods|caseylavere
utPFb_tNARo,1.0,Fan Throws John Cena's Shirt back! Raw 8/22/2011 [1080P HD],Sohaib Siddiqui,23,Cena Cannot Wrestle
16-xMnzDQ4M,0.6938775510204082,27 Things I've Learned In 27 Years (Sister Sister Parody),Evelyn From The Internets,23,Audible|Audible.com|Sister Sister|Sister Sister parody|27 things I've Learned in 27 Years|life lessons|motivation|evelyn from the internets|The Defining Decade
R00hChXPBE8,0.010101010101010102,Everything From the Google Pixel Event | WIRED,WIRED,28,android|android os|augmented reality|chromebook|google|google pixel|ar|pixelbook|google pixel 2|phone reviews|google pixel 2 launch|smartphones|google home|pixel buds|sundar pichai|google daydream|google max|google pixelbook|google chromebook|pixel earbuds|babelfish|google phone|google headphones|google event|pixel xl|pixel 2 xl|pixel 2xl|pixel headphone jack|google clips|google press conference|wired|wired.com|tech|technology
VU9QftScl5U,0.4482758620689655,"Stranger Things References, Part 2: Teen Horror, Pop and Punk",ScreenPrism,1,stranger things|stranger things season 2|stranger things explained|stranger things 1980s|stranger things emmy awards|duffer brothers|eleven character stranger things|steven spielberg|stranger things E.T. comparisons|stephen king|stranger things plot|wynona ryder|millie bobby brown|stranger things film location|stranger things production facts
dSQ7Ore4-do,0.32989690721649484,PRETTYMUCH Perform 'Would You Mind' | Weekdays at 3:30pm | #TRL,TRL,24,TRL|total|request|live|mtv|Playboi Carti|wokeuplikethis*|woke up like this|Magnolia|milly rock|Prettymuch|boy band|pop music|total request live|dance off|dance battle|challenge|gaby wilson|Tom Petty|The Heartbreakers|Noah Cyrus|haters|DC Young Fly|Brandon Michael Hall|Would You Mind|single|Teacher|Lil Uzi Vert|Again|xxxtentacion|Tom Petty and the heartbreakers|death|rip|Gaby Wilson|Katy Perry|tour|horror
hhREiAarjVY,0.2553191489361702,Sam Smith - Pray (Official Audio),SamSmithWorldVEVO,10,pray|sam smith pray|sam smith|sam smith too good at goodbyes|stay with me
8pB3tiuwFT4,0.30612244897959184,Gal Gadot Can't Compare to Sam Smith - SNL,Saturday Night Live,24,snl|saturday night live|gal gadot|sam smith|kenan thompson|gal gadot snl host|snl host gal gadot|snl promo|gal gadot snl promo|s43|s43e2|episode 2|live|new york|comedy|sketch|funny|hilarious|late night|host|music|guest|laugh|impersonation|actor|improv|musician|wonder woman|justice league|fast and furious 6|israeli|model|too good at goodbyes|in the lonely hour|grammy|promo
eyOHat3p_W4,0.4444444444444444,Assassin‚Äôs Creed Origins: Tales From The Tomb Compilation | Trailer | Ubisoft [US],Ubisoft US,20,Assassin's Creed Origins|Assassins Creed|Assassins Creed Origin|Assassin's Creed Origins Trailer|Egypt|Origins|Ancient Egypt|Open World Game|Release Date|Ubisoft|Assassin's Creed Origins Gameplay|Gameplay|Singleplayer|New Assassins Creed|Xbox|PlayStation|PC|Stealth|Adventure|Action|Parkour|Bayek|Before You Buy|Best Games of 2017|tales from the tomb|assassin's creed animation|hieroglyphics|hieroglyphs|Tales form the tomb hieroglyphs
Jwd1AKFLvJQ,0.6956521739130435,Broken femur and pelvic bone,Mark Clayton,22,[none]
qDhbIEuwRRc,0.5897435897435898,Big Little Lies: The Lessons We Learn,ScreenPrism,1,big little lies|big little lies season 1|big little lies season 2 premiere date|nicole kidman|reese witherspoon|hbo|laura dern|Alexander Skarsgard|Zoe Kravitz
5s4wlmfGwJ4,0.43157894736842106,ANDR√âS INIESTA | MY TOP 4 (LEGENDS),FC Barcelona,17,FC Barcelona|ÿ®ÿ±ÿ¥ŸÑŸàŸÜÿ©ÿå|F√∫tbol|FUTBOL|soccer|FUTEBOL|Sepakbola|„Çµ„ÉÉ„Ç´„Éº|ŸÉÿ±ÿ© ÿßŸÑŸÇÿØŸÖ|football|FCB|Bar√ßa|Sport|Club|Barcelona|Camp|Nou|Andr√©s Iniesta|Top 4|Legends|Bar√ßa Legends
ImwYgOvb1cQ,0.46464646464646464,Lea Michele Reunited with Her Glee Co-Stars in NYC,The Tonight Show Starring Jimmy Fallon,23,The Tonight Show|Jimmy Fallon|Lea Michele|Reunited|Glee|Co-Stars|NYC|NBC|NBC TV|Television|Funny|Talk Show|comedic|humor|snl|Fallon Stand-up|Fallon monologue|tonight|show|jokes|funny video|interview|variety|comedy sketches|talent|celebrities|video|clip|highlight|Scream Queens|The Mayor
tg49DhsIcwU,0.07142857142857142,What's your reaction to Mike Pence and Jerry Jones' comments?,NBA,1,[none]
5LXqVd_0cjs,0.41414141414141414,Siblings Baby Shark Remix Dance | Ranz and Niana,Niana Guerrero,24,niana|guerrero|ranz|kyle|ranz niana|ranz and niana|sibling|siblings|dance|dance choreography|vlog|vlogs|baby shark|remix|remix dance|ranz niana baby shark|prank|pranks|viral|kids|kid|song|lit|hip hop|cartoon|siblings dance|remix maniacs
9k6S9v0FKzI,0.3434343434343434,Miley Cyrus Carpool Karaoke,The Late Late Show with James Corden,24,James Corden|The Late Late Show|Colbert|late night|late night show|Stephen Colbert|Comedy|monologue|comedian|impressions|celebrities|carpool|karaoke|CBS|Late Late Show|Corden|joke|jokes|funny|funny video|funny videos|humor|celebrity|celeb|hollywood|famous
QtANwxed36M,0.06,"Password with Mandy Moore, Shaquille O'Neal and Noah Cyrus",The Tonight Show Starring Jimmy Fallon,23,The Tonight Show|Jimmy Fallon|Password|Mandy Moore|Shaquille O'Neal|Noah Cyrus|NBC|NBC TV|Television|Funny|Talk Show|comedic|humor|snl|Fallon Stand-up|Fallon monologue|tonight|show|jokes|funny video|interview|variety|comedy sketches|talent|celebrities|video|clip|highlight|This Is Us|NBA|Ponyo|electro|Inside The NBA|Make Me Cry
eUAFOGdPs2w,0.30303030303030304,DIY | How To Organize Hair Accessories,WhatsUpMoms,24,[none]
j6cv-6WuDK0,-0.09183673469387756,Seth Gives His Fans Eminem's Trump Ultimatum,Late Night with Seth Meyers,23,Late night|Seth Meyers|Eminem|trump|ultimatum|NBC|NBC TV|television|funny|talk show|comedy|humor|stand-up|parody|snl seth meyers|host|promo|seth|meyers|weekend update|news satire|satire|freestyle|rap|middle finger|BET|bodied
WgGNWs9u3eY,-0.08163265306122448,Eminem Goes Nuclear on Trump (Like 10-Fold Nuclear),The Late Late Show with James Corden,24,James Corden|The Late Late Show|Colbert|late night|late night show|Stephen Colbert|Comedy|monologue|comedian|impressions|celebrities|carpool|karaoke|CBS|Late Late Show|Corden|joke|jokes|funny|funny video|funny videos|humor|celebrity|celeb|hollywood|famous
x9_5nim4GzQ,-0.030612244897959183,"Trump Claps Back at Eminem's Freestyle, Amazon Trunk Delivery - Monologue",The Tonight Show Starring Jimmy Fallon,23,The Tonight Show|Jimmy Fallon|Trump|Claps Back|Eminem|Freestyle|Amazon|Trunk Delivery|Monologue|NBC|NBC TV|Television|Funny|Talk Show|comedic|humor|snl|Fallon Stand-up|Fallon monologue|tonight|show|jokes|funny video|interview|variety|comedy sketches|talent|celebrities|video|clip|highlight|fake news|broadcast license|This Is Us|BET Awards|Kim Jong Un
5LjxhUoMdFQ,0.33962264150943394,Why Won't 50 Cent End His Feud with Irv Gotti?,The Real Daytime,24,the real|daytime|talk show|women|tamera mowry|adrienne bailon|loni love|jeannie mai
4CyvvCx6Us0,0.5252525252525253,Best Wash-N-Go EVER! | Natural Hair,Mini Marley,26,minimarley|minimarley12|kinky|curly|coily|3a|3b|3c|4a|4b|4c|natural hair|washn go|shea moisture|jane carter solutions|clairol|ecostyler
BpT3gx3s0ns,0.5463917525773195,Sam Smith - Too Good At Goodbyes (Live on SNL),SamSmithWorldVEVO,10,Sam smith|sam smith pray|sam smith snl|sam smith too good at goodbyes|pray|too good at goodbyes|live|snl|stay with me
T6iLJTy6LNQ,0.18556701030927836,EXTREME PUMPKIN CARVING | for National Coming Out Day,GOTDAMN ZO,24,GOTDAMNZO|GAY|COMING OUT STORY|shane dawson tv|liza koshy|david dobrik|RICEGUM|idubbbz|MESSY MONDAY|fouseytube|dashiexp|perfectlaughs|jontavian and brandon|itsnickbean|JBMOB|D&B NATION|de'arra & ken 4 life|pewdiepie|trey and armon|flightreacts|taylor girlz|musical.ly|IAMZOIE|tana mongeau|zane hijazi|domo and chrissy|HALLOWEEN|PUMPKIN CARVING
8_rUSDGR8wc,0.3333333333333333,Watford 2-1 Arsenal - Tom Cleverley & Troy Deeney Post Match Interview,MrBeanyman,17,Football|Soccer|Beanyman|BeanymanSports
yVoijkYiZtg,0.45,The Devil's Wheel at Oktoberfest is INSANE and AWESOME!,Theme Park Review,19,devils wheel|Teufelsrad|Human Roulette Wheel|Joy Wheel|oktoberfest|germany|festival|fair|carnival|amusement|ride|rides|southport|england|pleasureland|awesome|fun|crazy|spinning|beer|drunk|awesome girl|wheel
QDy6HUhC2VA,0.05102040816326531,Roma vs Napoli 0-1 - All Goals & Highlights - 14/10/2017 HD,Premium Sintesi 2,17,Roma|Napoli|0-1|Highlights|Goals|14|Ottobre|2017|Roma vs Napoli|Roma vs Napoli 0-1|Roma vs Napoli gol|Roma vs Napoli 2017|Roma vs Napoli highlights|Roma vs Napoli all goals|Premium|Sintesi|0x1|Friendly|Skills|HD|Serie A|Insigne|Reina
2NMAmYz7CjA,0.3103448275862069,Sunday Supplement Panel defend Mourinho & criticise Arsenal,Football Central,22,[none]
ItCqCuJUjxA,0.04040404040404041,Liverpool 0-0 Manchester United - Jose Mourinho Post Match Interview,MrBeanyman,17,Football|Soccer|Beanyman|BeanymanSports
j-aIyueKNcY,0.27586206896551724,TAEMIN ÌÉúÎØº 'MOVE' #2 Performance Video (Solo Ver.),SMTOWN,10,ÌÉúÎØº|TAEMIN|MOVE|Î¨¥Î∏å|Performance
8mObzt_MX3k,0.16216216216216217,DJ Khaled's Baby/Executive Producer is Turning One,Jimmy Kimmel Live,24,jimmy|kimmel|live|late|night|talk|show|funny|comedic|comedy|clip|comedian|#KimmelinBrooklyn|DJ|Khaled|son|tidal|jay|jennifer|lopez|j-lo|stevie|wonder|hurricane|dj khaled|jennifer lopez|jay z|benefit concert|tidal x|stevie wonder|music|hurricane maria|puerto rico
SYUDTKBNdZc,0.2976190476190476,Blasterjaxx ft. UHRE - Bizarre (Official Music Video),Spinnin' Records,10,Spinnin'|Records|Spinnin' Records|Blasterjaxx|UHRE|Bizarre|Blasterjaxx ft. UHRE - Bizarre|blasterjaxx uhre|bizarre uhre
h3aFZroZXe4,0.31,PES 2018 Realism Review: Individuality and Animations | Part Two | KnightMD,KnightMD,20,PES 2018|Review|Gameplay|FIFA 19|Better|Realism|Realistic|Broadcast|Camera|Goals|Tricks|Saves|Compilation|Passing|Shooting|Analysis|KightMD|Pro Evolution Soccer|Winning Eleven
7-x4ZP9HEwg,0.7244897959183674,"A Magical Trio | Watch Me, Wednesday",Carrie Hope Fletcher,24,carrie hope fletcher|the addams family|vlogging|scotland|travel|vlog|youtuber|author|acting|singing|behind the scenes|backstage|theatre|cast|crew|oliver ormson|samantha womack|cameron blakely|les dennis|scott paige|books|signing|glasgow
5e8-4mBiCSI,0.25882352941176473,[M/V] NU'EST W(Îâ¥Ïù¥Ïä§Ìä∏ W) - WHERE YOU AT,NU'EST,10,Îâ¥Ïù¥Ïä§Ìä∏|Îâ¥Ïù¥Ïä§Ìä∏W|NU'EST|NU'ESTW|W HERE|WHERE YOU AT
zVim45Y5kus,0.1836734693877551,Dab on the past (YIAY #366),jacksfilms,23,jacksfilms|yiay|time|travel|past|go|future|dab|dabbing
wfDmXh_YwcE,0.13541666666666666,Young Dolph - BELIEVE ME (OFFICIAL VIDEO),LQENTERTAINMENT,24,[none]
x4SheWJkn6s,0.30927835051546393,Latinos React To The Selena Google Doodle,Pero Like,22,pero like|latinos react|latinos|latinx|latina|mayainthemoment|maya murillo|gadiel del orbe|curly v|curly velasquez|julissa calderon|chantel houston|ladylike|selena|selena quintanilla|google doodle|selena google doodle|selena doodle
4hqqFqcr1K8,0.3684210526315789,BATTLEGROUNDS The Movie! (Official Fake Trailer),nigahiga,24,ryan|higa|higatv|nigahiga|battlegrounds|the movie|offical fake trailer|pubg|video games|gaming
XKvXg2NlNZ4,0.24742268041237114,The History Of Jacksfilms (Feat. Jacksfilms) | A Brief History,FootofaFerret,24,Jacksfilms|Jack Douglass|YIAY|Yesterday I Asked You|JackAsk|Your Grammar Sucks|YGS|The Emoji Movie|emojis|me me big boy|John Cena|Bee Movie|Shrek|Fidget Spinner|memes|pardoy|sketch|comedy|YouTube|online video|history|origin|behind the scenes|bts|Game Theory|Game Theorists|MatPat|Matthew Patrick|A Brief History|ABH|FootofaFerret|Ryder Burgin
ZagQci5qTSM,0.16,COLLEGE KIDS REACT TO MARINA AND THE DIAMONDS,FBE,24,marina and the diamonds|marina & the diamonds|marina|COLLEGE KIDS REACT TO MARINA AND THE DIAMONDS|college kids react|react|reaction|thefinebros|fine brothers|fine brothers entertainment|finebros|fine bros|FBE|watch|review|for the first time|reviews|responds|respond|youtubers react|elders react|teens react|kids react|adults react|parents react|teenagers react|primadonna|froot|electra heart|how to be a heartbreaker
G1VEccH7jJ8,0.26804123711340205,Movie Spoilers | Anwar Jibawi,Anwar Jibawi,23,movie spoilers|anwar|jibawi|movie|spoilers|did you call my girl|hold the door|taking everything literally|Movie Spoilers | Anwar Jibawi|lelepons|hannahstocking|rudymancuso|inanna|inannasarkis|shots|shotsstudios|marshmello|marshemllo|alesso|| Anwar Jibawi
qFltpuZJAns,0.12371134020618557,DIY OUIJA NAIL ART *not clickbait* *actual nail art* *emergency*,Simply Nailogical,24,nails|nail art|nail tutorial|beauty tutorial|nail art tutorial|diy nails|easy nail art|diy nail art|cute nail art|simply nailogical|ouija|ouija board|ouija nails|ouija nail art|halloween nails|halloween nail art|holoween|easy halloween nails|halloween beauty|halloween tutorial|diy halloween|simply nailogical nail art|spooky nails
cWL4eiCR8FM,0.23232323232323232,"DIY Halloween PIN-SPLOSION! PIZZA SKULLS, FINGER CANDLES, AND BEARS! OH MY",ThreadBanger,26,DIY|threadbanger|Corinne Leigh|Rob Czar|how to|man vs pin|pinterest|pinterest fails|halloween|pinsplosion|pintest|craft fail|pizza skulls|bloody finger candles|skull sugar cubes|spider web art|spooky spell books|corinne vs pin|corinne vs cooking
L87l9-2B0ug,0.05,How To Waste $200 on Amazon...,Austin Evans,28,tech|amazon|gadgets|cool gadgets|technology|cool tech|amazon gadgets|gadgets under|gadgets on amazon|on amazon|austin evans
dB-RqoR_MCI,0.4845360824742268,TIME OUT IN A TREEHOUSE,MoreZoella,22,zoe sugg|zoella|zoe|vlog|vlogging|vlogs|daily|every|day|british|in the life|brighton|nala|puppy|pug|alfie deyes|pointlessblog|beauty|fashion|makeup|lifestyle|life|clothes|outfits|dog|home|interiors|books|food|baking|autumn|halloween|treehouse
jc1_s2c32zs,0.31,CANDY CORN THEMED PIZZA w/ my Dad!,Rosanna Pansino,26,diy|do it yourself|how to|basic|simple|easy|recipe|family|dad|father|mustache|moustache|fun|funny|tasty|pizza|dough|pie|sauce|garlic|tomato|basil|fresh|organic|vegetarian|white sauce|pasta|cream|winter|christmas|halloween|spooky|themed|party|ideas|kitchen|chef|vlog|perfect|delicious|baker|outfit|cooking|american|homestyle|at home|rising|yeast|cheese|3 cheese|cheddar|pappa|pan|decorating|makeup|hairstyle|family friendly|how to cook|how to bake
31X8SnfET9s,0.5555555555555556,ÌïúÍµ≠ ÎåÄÌïôÍµê Ï∂ïÏ†úÎ•º Ï≤òÏùå Í≤ΩÌóòÌï¥Î≥∏ ÏòÅÍµ≠ÎÇ®Ïûê!!,ÏòÅÍµ≠ÎÇ®Ïûê Korean Englishman,23,Korean|ÏòÅÍµ≠ÎÇ®Ïûê|ÏòÅÍµ≠|Ï°∞Ïâ¨|Ïò¨Î¶¨|Josh|Ollie|KoreanEnglish|English|Man|englishman|food|ÏùåÏãù|Ïô∏Íµ≠Ïù∏|Î∞òÏùë|ÏòÅÏÉÅ|ÏõÉÍ∏¥|ÎÇ®Ïûê|Ïô∏Íµ≠|ÎèÑÏ†Ñ|Îß§Ïö¥
10y7JdXctTU,-0.09333333333333334,Conor McGregor uses homophobic slur at UFC Gdansk,Nick Baldwin,24,[none]
auoxdQX3xyw,0.5,ERC round 2: Scarlets v Bath 1st half,Rugby4all 01,22,Scarlets|bath|European Rugby Champions Cup
H2AYOJ2K8MU,-0.09,Lonzo Ball vs Patrick Beverley CRAZY Beef Highlights (2017.10.19) - Calling Lonzo a B#tch,Real GD's Latest Highlights,17,defend the land golden state|defend the land|golden state|nba finals|2017 playoffs|tracy mcgrady|lebron james|stepheun curry|kevin durant|dub nation|epic|must watch|unreal|nba highlights|highlights|moments|crossover|stepback|three|dunk|must see|hd|hdtv|nba history
TxIO9IiU8A0,0.42391304347826086,Guy Sebastian Polishes A Musical Disaster,Hamish & Andy,23,hamish blake|andy lee|hamish|andy|guy sebastian
GTawLgr1W0w,0.24,If Halloween Costumes Were Equal,AnthonyPadilla,23,anthony padilla|smosh|autumn|fall|october|season|halloween|costumes|diy|men|last minute
1csaGKAjAvw,0.4444444444444444,DIY TAYLOR SWIFT #LWYMMD COSTUME // Grace Helbig,Grace Helbig,22,itsgrace|funny|comedy|vlog|grace|helbig|gracehelbig|dailygrace|daily|tutorial|diy|lifestyle|taylor swift|lwymmd|look what you made me do|halloween costume|sexy
Q8PSzByBGpU,0.22,"Gabrielle Union Speaks About Masturbating at 5, Money Challenges W/ Dwyane Wade + Harvey Weinstein",SwaysUniverse,24,Sway Calloway|The Morning Show|Sway In The Morning|Interview|Hip Hop|Pop|Gabrielle Union|Dwyane Wade|Harvey Weinstein|Jason Kidd|New Book|Being Mary Jane|We're Going To Need More Wine|Gabrielle Union For The D Challenge|Gabrielle Union Dwyane Wade Wedding
kAphgHhlteM,0.4742268041237113,Blue Planet II Trailer 2 - BBC Earth,BBC Earth,15,planet earth 2|planet earth II|blue planet|blue planet II|blue planet 2|hans zimmer|prequel|ocean|oceans|sea|water|whale|shark|octopus|bbc documentary|BBC|BBC Worldwide|Nature|Natural History|Animals|Wildlife|Wild|bbc earth|sir david attenborough|blue planet trailer|blue planet 2 trailer|planet earth|planet earth trailer|extended trailer|trailer
VOaOjc2crx4,0.3684210526315789,Billy Joel Reveals Favorite Bruce Springsteen Song,Jimmy Kimmel Live,24,jimmy|kimmel|live|late|night|talk|show|funny|comedic|comedy|clip|comedian|Billy|Joel|Brooklyn|BAM|long|island|summer|bruce|springsteen|broadway|paul|shaffer|music|bruce springsteen|billy joel|long island
v9ERab8P6Io,0.18181818181818182,How Mario Got His Mustache (and His Name!),Great Big Story,20,great big story|gbs|lag|documentary|docs|watchable|video games|nintendo|mario|super mario bros.|donkey kong|Tech & Science|Weird & Fun Knowledge|gaming
xJ20o7B3Tm8,0.07142857142857142,Kevin Garnett & Snoop Dogg react to Lonzo Ball's first NBA game,NBA Center,17,NBA|Center|LA|Lakers|Los|Angeles|Golden|State|Warriors|Cleveland|Cavaliers|Kevin|Garnett|Snoop|Dogg|Lonzo|Ball
Ig-9RDH5dZ0,0.34375,Kid Rock - Tennessee Mountain Top [Official Video],Kid Rock,10,Kid Rock|Tennessee Mountain Top|Rock|Country
V3jY8-VzSEA,0.17391304347826086,Gucci Mane - Back On [Official Music Video],OfficialGucciMane,10,gucci mane|gucci|mr davis|trap|trap god|1017|guwop|hip hop|rap|atlantic records
wOcRH5GbqTQ,0.37755102040816324,Knuckle Puck - Gone (Official Music Video),riserecords,10,rise records|knuckle puck|gone|shapeshifter|official music video|pop punk
NGPK44en2ME,0.061224489795918366,CNCO - Mamita (Audio),CNCOVEVO,10,CNCO Music|CNCO Official Video|CNCO Video|CNCO Video Oficial|Mamita Official Video|Official Video|Mamita Single|Single|CNCO New Single|CNCO Single|CNCO Song|Mamita new song|Mamita nueva canci√≥n|CNCO nuevo sencillo|CNCO Mamita|CNCO|Latin Pop|Mamita|Sony Music Latin
ibHFy-mo4Pw,0.2755102040816326,Fifth Harmony Perform 'Don't Say You Love Me' | Weekdays at 3:30pm | #TRL,TRL,24,TRL|total|request|live|mtv|fifth harmony|Matt Rife|DC Young Fly|Tamara Dhia|Fifth Harmony|Liza Koshy|Don't Say You Love Me|interview|girl group|pop music|rap|hip hop|he like that|down ft. gucci mane|angel|deliver|work|that's my girl|Ally Brooke|Normani Kordei|Dinah Jane|Lauren Jauregui|Camila Cabello|simon cowell|boss|sledgehammer|worth it|work from home|OJ Simpson|rihanna|body shaming|ariana grande|travis scott|kylie jenner|ksubi|performance
NRjDqw1w7k8,0.3258426966292135,ZHU - Waters of Monaco (Adidas China Pure Edit),ZHUVEVO,10,ZHU|Waters|of|Monaco|(Adidas|China|Pure|Edit)|Mind|Genius|Electronic|Club/Dance
K2SCpgCurVQ,0.5,Destiny 2: Wardcliff Coil Glitch! How To Get Unlimited Power Ammo Glitch!,Kota,20,destiny 2 unlimited power ammo|unlimited power ammo|destiny 2 unlimited power ammo gltich|destiny 2 new unlimited power ammo glitch|new unlimited power ammo glitch|destiny 2 power ammo glitch|power ammo glitch|destiny 2 infinite power ammo glitch|infinite power ammo glitch|destiny 2 new infinite power ammo glitch|new infinite power ammo glitch|destiny 2 power ammo exploit|destiny 2 wardcliff coil glitch|wardcliff coil glitch|destiny 2 wardcliff coil exploit|kota
XQFeShp6UIY,0.09090909090909091,World's First Prestige Leviathan Raid Completion {Redeem},Gladd,20,destiny|destiny 2|destiny 2 leviathan raid|destiny 2 prestige raid|destiny 2 prestige leviathan raid|leviathan raid prestige|leviathan raid prestige mode|destiny 2 world's first|world's first|destiny 2 world's first leviathan raid|destiny 2 world's first prestige riad|destiny 2 world's first prestige leviathan raid|world's first prestige raid|redeem|world's first prestige leviathan raid completion|world first prestige|destiny 2 leviathan raid speedrun
